#r,Jmag,J_H
9.69972,14.562,0.37800026
9.73566,16.447,0.8820009
9.85032,14.072,0.5779991
9.74688,16.712,0.6170006
9.7206,14.973,0.7769995
9.44238,15.888,0.6819992
9.91386,16.729,0.83399963
9.88752,16.12,0.38500118
9.45072,15.62,0.5979996
9.87762,16.52,0.69900036
9.780180000000001,16.624,0.82000065
9.715200000000001,15.275,0.63799953
9.44322,15.591,0.47999954
9.74982,15.866,0.91600037
9.81954,13.311,0.849
9.80958,15.871,0.658
9.47892,16.317,0.7209997
9.737279999999998,14.041,0.38300037
9.07164,14.78,0.85499954
9.870719999999999,14.625,1.1280003
9.381780000000001,17.112,1.382
9.3786,15.742,0.62699986
9.1833,16.114,0.76900005
9.139859999999999,14.613,0.29500008
9.852419999999999,14.051,0.62599945
9.2256,16.486,0.33799934
9.575460000000001,15.679,0.6359997
9.09384,16.468,0.47100067
9.2589,15.561,0.6149998
9.51756,16.319,0.5250006
9.92088,15.348,0.5909996
9.698640000000001,17.215,0.9899998
9.36996,15.882,0.8199997
9.79008,16.011,0.61100006
9.715200000000001,15.298,0.7410002
9.96534,14.637,0.5489998
9.77106,13.938,0.66399956
9.69858,14.744,0.47500038
9.95808,15.811,0.7609997
9.80604,16.657,0.7119999
9.755939999999999,16.819,0.908
9.80382,16.436,0.48400116
9.904860000000001,14.396,0.6630001
9.9192,14.987,0.55400085
9.581940000000001,16.087,0.43099976
9.05952,16.145,2.1590004
9.47322,12.529,0.90700054
9.04218,15.586,0.7960005
9.129000000000001,13.696,0.36100006
9.45822,14.597,0.5609999
9.582,15.573,0.7959995
9.252,16.239,0.60200024
7.709039999999999,15.476,0.34899998
8.19168,14.41,0.35200024
8.90322,16.293,0.6179991
9.6882,14.095,0.3540001
8.83218,16.119,0.5239992
8.6166,16.083,0.74800014
7.84002,14.835,0.40400028
9.05796,15.347,0.5159998
9.6678,15.943,0.5209999
9.351239999999999,15.694,0.7049999
9.4344,13.138,0.4239998
8.70702,15.134,0.58500004
9.82662,15.705,0.20300007
8.435880000000001,13.784,0.47200012
8.643239999999999,15.39,0.90600014
9.43746,15.203,0.6520004
9.7548,14.892,0.6690006
8.79336,15.976,0.9180002
8.1756,13.566,0.40600014
9.7047,15.016,0.7419996
9.817499999999999,14.691,0.10499954
9.07326,16.785,0.8299999
9.88758,16.143,0.48099995
9.219180000000001,15.958,0.4790001
9.3219,13.378,0.3390007
9.11538,14.396,0.58899975
7.92666,16.528,0.88199997
9.414060000000001,11.06,0.7890005
8.0412,11.143,0.9039993
9.24048,16.17,0.5869999
9.031559999999999,15.667,0.8529997
8.61924,15.862,0.8430004
9.712259999999999,14.982,0.79100037
9.95832,16.354,0.62800026
8.33358,15.347,0.3920002
9.818700000000002,16.456,0.9779997
8.23416,15.961,0.77800083
8.7507,16.715,1.0019999
9.51528,14.935,0.7940006
7.4883,15.801,1.0619993
9.547979999999999,16.053,0.51699924
7.969259999999999,11.714,0.32299995
9.88116,14.272,0.7730007
9.969059999999999,15.93,0.5430002
8.298,14.74,0.51799965
8.667720000000001,15.731,0.32800007
9.83142,16.189,0.730999
9.432360000000001,16.279,0.6739998
7.709339999999999,15.236,0.6079998
7.910100000000001,15.17,0.44900036
9.01098,14.159,0.47399998
9.783,16.592,1.1699991
9.432120000000001,16.525,0.48999977
8.02668,16.51,0.41399956
8.86482,16.497,0.6119995
7.5945,14.322,0.48799992
9.876660000000001,15.922,0.6140003
8.36736,13.013,0.37599945
7.750979999999999,15.041,0.87400055
9.535440000000001,15.335,0.6079998
9.70506,16.817,1.164999
7.87308,16.279,0.43799973
9.06636,16.649,0.45300102
7.61514,17.091,0.91399956
9.14544,14.962,0.36600018
9.81948,16.041,0.29800034
8.21166,16.116,0.3989992
9.485759999999999,15.981,0.7410002
9.8691,16.28,0.8990011
7.129079999999999,16.728,0.55599976
9.0534,16.229,0.89400005
7.960140000000001,14.721,0.43499947
7.07388,14.348,0.38099957
6.89034,8.92,0.60999966
9.2577,15.921,0.73099995
7.554359999999999,14.417,0.9790001
7.33824,14.903,0.375
7.81986,12.645,1.1080008
7.9581,15.852,0.6890001
8.87946,17.092,0.9959984
7.36374,14.165,0.55599976
8.23014,15.021,0.39299965
7.27158,13.557,0.94799995
7.5471,15.931,0.55499935
8.33568,15.585,0.43799973
8.15112,15.485,0.58799934
9.11736,12.518,0.9790001
8.99334,16.398,0.776001
7.310580000000001,16.706,0.5339985
7.53012,14.462,0.6289997
7.936800000000001,13.413,0.6359997
7.63374,16.287,0.5560007
8.363579999999999,15.958,0.52299976
8.18922,16.763,0.94900036
7.7083200000000005,17.099,0.7560005
7.44924,14.426,0.5789995
7.1349,15.314,0.6339998
8.51436,16.47,0.980999
7.227,13.661,0.36400032
8.32344,14.663,0.5109997
7.983420000000001,16.443,0.644001
6.79134,16.743,0.7010002
6.791939999999999,15.725,0.7790003
8.12292,15.886,0.5319996
9.21846,14.971,0.3739996
7.845899999999999,16.408,0.5300007
6.3384,16.422,1.4450006
6.891839999999999,15.907,0.651
6.07902,14.461,0.31400013
6.61014,16.729,0.703001
6.79722,15.008,0.3010006
7.77936,15.473,0.6279993
6.34596,16.326,1.342
7.54956,16.318,0.6150007
7.48932,15.344,0.6859999
7.97796,14.85,0.5680008
7.32054,15.822,0.7199993
7.1684399999999995,16.377,0.5800009
8.87166,16.023,0.6920004
7.01808,15.052,0.3039999
7.3551,16.852,0.8139992
7.12446,16.261,0.59299946
6.6258,15.329,0.6930008
6.28242,15.883,0.55800056
9.09468,16.259,0.43900108
8.333340000000002,15.419,0.6939993
6.22362,14.21,0.6000004
5.769,15.21,0.46899986
8.441699999999999,14.328,0.50699997
5.54298,16.362,0.78799915
8.3661,16.818,0.5020008
5.9268,15.858,0.4460001
8.92128,15.293,0.6100006
5.92962,16.303,0.32699966
7.877759999999999,16.703,0.075998306
6.71274,15.874,0.8369999
6.16254,16.476,0.5760002
8.95992,14.119,0.2670002
9.1047,15.94,0.85399914
7.76658,16.72,-0.09600067
8.47986,15.176,0.64199924
6.3033,15.486,0.7609997
7.18104,16.575,0.58200073
6.35514,13.594,0.8359995
7.0053,14.582,0.39400005
8.6343,16.162,0.4100008
9.297360000000001,15.077,0.6069994
7.644239999999999,15.03,0.28100014
9.111,16.703,0.8679991
8.546100000000001,15.794,0.44199944
8.38122,15.907,0.78999996
6.71994,16.482,0.21700096
7.13772,15.717,0.4250002
8.34918,16.162,0.72900105
8.18814,15.894,0.5290003
7.823640000000001,14.626,0.5600004
5.88606,15.718,0.45800018
7.529459999999999,13.866,0.83600044
8.95068,16.398,0.6850004
8.95482,16.056,0.32800007
7.762260000000001,16.357,0.12100029
6.756060000000001,11.221,0.974
8.24424,16.475,0.8980007
7.40298,16.249,0.84900093
6.68658,15.87,0.47200012
7.87308,16.649,0.37000084
6.210839999999999,16.545,1.1850004
6.77658,16.199,0.93099976
6.05478,16.857,0.7819996
5.64258,15.792,0.6119995
8.25762,14.65,0.6539993
6.1095,16.344,0.5880003
8.51562,16.256,0.49300098
7.04436,11.478,0.8409996
6.60072,15.53,0.52400017
5.3920200000000005,12.688,0.42199993
7.5204,15.534,0.83200073
6.9249600000000004,13.968,0.3180008
8.78958,12.907,0.6529999
6.20448,16.509,0.51200104
8.041680000000001,16.263,0.46000004
7.0362,16.682,0.41199875
7.905479999999999,16.775,0.60299873
8.0694,15.377,0.58399963
8.770019999999999,16.142,0.7250004
8.115359999999999,16.839,0.953001
7.740360000000001,14.682,0.7720003
6.98874,15.701,0.53999996
7.31316,15.725,0.95000076
5.253240000000001,16.671,0.54999924
7.1607,14.494,0.78999996
5.26614,16.139,0.7670002
6.052619999999999,13.488,0.52299976
5.851979999999999,16.878,0.7199993
8.47278,14.59,0.48600006
6.07056,15.909,0.49300003
7.714980000000001,12.184,0.9289999
5.3811,15.475,0.691
7.62354,15.834,0.64199924
8.3511,16.637,0.36899948
7.99476,16.016,0.67500114
5.90778,12.449,0.77400017
7.4082,16.742,0.9190006
6.6966600000000005,16.299,0.81699944
7.09788,16.566,0.92199993
8.41662,15.885,0.908
7.76808,15.975,1.0100002
7.01016,16.479,0.6420002
5.63472,16.037,0.7850008
8.136,16.653,1.0719995
8.25954,15.451,0.6160002
7.737120000000001,16.592,0.64599895
7.45512,15.108,0.64799976
6.8674800000000005,14.126,0.87900066
6.6710400000000005,15.142,0.71600056
5.64954,15.905,0.8210001
6.63,16.942,0.8640003
6.34152,15.893,0.7220001
8.6745,15.417,0.6339998
7.996980000000001,16.377,0.6330004
6.3948,16.671,0.62199974
5.63736,14.991,0.85700035
6.665220000000001,13.986,0.7209997
8.17926,10.716,0.43099976
7.617300000000001,15.621,0.8800001
6.2731200000000005,14.456,0.5250006
5.6253,16.432,0.61399937
5.69574,16.628,0.8579998
6.0925199999999995,11.972,0.31200027
8.70816,12.757,0.48799992
8.628120000000001,16.328,0.9689989
7.1029800000000005,16.866,0.92399883
6.3003,14.187,0.6220007
6.66432,15.172,0.6859999
5.9229,14.993,0.60999966
6.079199999999999,16.055,0.50699997
8.60358,16.271,0.8330002
5.9535599999999995,16.504,0.9379997
7.946400000000001,16.224,0.7300005
8.54076,16.448,0.84399986
6.8232,15.996,0.34500027
5.70318,15.341,0.4979992
7.00806,16.757,0.3619995
7.60284,16.67,0.8249998
6.15444,16.745,0.9230013
8.08536,14.448,0.5909996
8.81292,16.739,0.79900074
6.08934,16.604,0.9390001
8.74212,13.653,0.6420002
7.06122,15.32,0.6700001
6.28506,15.939,0.71100044
6.75486,16.786,0.625
5.836139999999999,16.569,0.8310003
7.9051800000000005,16.189,0.76299953
7.40034,15.94,0.5899992
8.80434,15.784,0.64100075
8.45868,16.706,0.6700001
8.34552,15.053,0.6760006
7.692419999999999,16.639,1.2209997
7.902120000000001,16.484,0.9379997
6.579599999999999,16.743,0.65800095
6.76554,15.268,0.8210001
5.24256,11.887,0.25600052
6.9756,14.228,0.8149996
8.197379999999999,15.28,0.32199955
8.45562,13.858,0.4239998
8.91432,16.68,0.92800045
6.7419,15.84,0.60099983
8.19312,11.82,0.27600002
8.40246,16.671,0.17599869
5.60256,16.662,1.0940008
8.712720000000001,16.674,1.0100002
9.20106,15.701,0.73700047
8.81286,15.283,0.7119999
9.21048,15.61,0.5629997
8.36322,13.946,0.6149998
8.1546,16.402,0.26000023
8.62794,15.377,0.8870001
8.12448,13.765,0.46100044
8.93568,14.951,0.74699974
8.47344,14.642,0.6890001
9.697379999999999,16.515,0.96299934
7.76142,16.374,0.73300076
6.88002,15.309,1.0039997
8.8401,16.702,0.33799934
8.860199999999999,15.825,0.64799976
8.2257,16.027,0.58500004
8.198699999999999,15.846,0.8299999
8.7147,16.635,1.1079998
6.18522,13.004,0.42299938
6.96732,17.102,1.2229996
8.20926,11.953,0.34800053
6.72408,16.727,0.8979988
7.1202,16.63,0.7319994
7.26408,17.088,1.046999
8.27226,16.394,0.8679991
7.3391399999999996,16.122,0.85499954
8.126520000000001,14.807,1.1079998
6.104279999999999,14.385,0.78600025
8.70876,16.176,0.64900017
8.54778,16.175,0.78299904
6.2715000000000005,16.96,0.9899988
6.2673000000000005,17.019,0.9579983
6.81102,16.672,1.2610006
6.37518,16.961,1.0620003
5.97072,16.689,0.44099998
7.4883,16.433,0.8660002
7.63518,13.754,-0.3720007
8.050619999999999,16.389,0.96000004
7.665360000000001,13.466,0.41699982
7.1082,13.842,1.2519999
7.1182799999999995,16.84,1.1350002
9.44382,15.777,0.967
8.22372,16.74,-0.42099953
9.579419999999999,15.963,0.45800018
7.8562199999999995,16.531,0.8920002
9.53976,15.877,0.599
9.38646,16.96,0.82099915
8.62728,16.666,1.4230003
7.86768,16.536,0.78299904
8.5161,16.273,1.0250006
7.895160000000001,16.798,0.7779999
7.43022,14.286,0.48900032
7.1318399999999995,16.463,0.9279995
8.832600000000001,16.474,0.6020012
7.1928,9.817,0.24500084
8.60172,14.855,1.1269999
6.88962,17.273,1.2709999
9.192779999999999,17.007,1.3140001
7.23672,15.557,0.9619999
9.548580000000001,16.394,0.8659992
7.138319999999999,14.544,-0.5060005
8.3412,16.113,0.9640007
6.85278,15.504,1.019
9.11112,15.79,0.5419998
7.788,15.945,0.6349993
8.1093,14.735,0.7909994
8.928239999999999,15.073,0.6800003
9.61026,16.398,1.085001
9.88488,16.145,0.8210001
9.214260000000001,16.009,0.7960005
8.52246,15.858,1.0760002
9.30144,15.239,0.5130005
9.91884,16.679,0.45700073
9.17154,14.299,1.2969999
9.2247,13.775,0.566
9.53556,14.904,0.84000015
9.57366,16.255,0.82099915
9.49362,12.549,0.33099937
9.710460000000001,14.433,0.27899933
8.75052,14.489,0.53700066
9.66132,16.846,1.2260008
9.277140000000001,11.615,0.13399982
9.11628,13.8,1.0500002
9.8256,16.106,0.50400066
8.89704,16.047,0.93000126
9.77856,16.676,1.1680002
8.06502,16.745,1.217001
9.69354,15.416,0.7020006
9.118920000000001,16.353,1.2350006
8.35548,12.62,1.0780001
9.56406,16.67,-0.055000305
8.004,14.442,1.2060003
9.57324,16.512,0.49300003
8.83686,13.728,0.8699999
9.87102,15.701,0.4800005
9.636,15.39,0.49200058
9.51432,14.898,0.40399933
9.32796,16.036,0.8859997
9.372779999999999,15.134,0.4489994
9.240540000000001,12.533,0.36200047
9.6891,15.006,0.57199955
9.9717,16.647,0.41799927
9.81588,13.898,0.5120001
9.68538,16.324,0.60999966
9.88134,16.678,1.0599995
9.92664,16.79,0.776001
9.976920000000002,15.795,0.26099968
9.509459999999999,11.175,1.3080006
9.78762,15.566,0.5970001
9.625739999999999,15.934,0.50599957
9.941460000000001,16.364,0.4090004
9.51774,12.796,0.7789993
9.55896,13.99,0.51900005
9.45678,16.369,0.46299934
9.77892,15.922,0.47099972
9.18114,15.072,0.62199974
9.141359999999999,12.227,0.38399982
9.299579999999999,16.812,0.37800026
8.95032,16.163,0.51399994
9.9177,13.376,0.48200035
9.05376,16.062,0.7630005
9.8577,14.112,0.6810007
9.48318,16.352,0.9529991
9.442739999999999,13.917,-1.4969997
9.16152,16.499,0.42700005
9.23766,14.001,0.5600004
9.423540000000001,14.542,0.32899952
9.161579999999999,15.908,0.76500034
9.107700000000001,15.916,0.80700016
9.06996,15.507,0.7720003
8.981639999999999,16.582,0.69600105
8.44626,15.661,0.6870003
8.83836,16.789,0.77400017
9.0846,16.669,0.9560003
8.60448,15.975,0.67199993
8.50512,15.958,0.52000046
9.137400000000001,14.654,0.61100006
8.53722,16.628,0.044000626
9.63402,16.431,0.6199999
9.03612,15.715,0.71399975
7.44426,15.45,0.717
8.61498,14.41,1.0159998
9.009360000000001,16.143,0.7039995
8.84718,16.576,0.40299988
8.09664,12.692,0.25699997
7.85928,16.046,0.96699905
8.35236,16.484,0.414999
7.798919999999999,16.316,0.71399975
8.66088,15.174,0.33300018
7.90122,16.425,0.8279991
8.47218,15.417,0.58899975
8.14794,15.672,0.94799995
8.6913,12.901,0.9390001
8.56416,14.589,0.65600014
8.598479999999999,11.947,0.98099995
7.9485600000000005,11.936,0.99300003
8.71578,16.129,0.44099998
8.35962,16.369,0.6459999
7.25082,15.304,0.7229996
7.803959999999999,15.737,0.6320009
8.3277,15.35,0.67800045
8.10726,13.376,0.90600014
8.15292,15.916,0.8299999
7.79652,12.459,0.75599957
7.40196,15.982,0.7730007
7.34196,14.158,0.36900043
9.3192,15.635,0.45699978
7.7370600000000005,16.366,0.5189991
7.89942,15.466,0.691
7.589519999999999,16.455,0.64299965
7.644419999999999,15.943,0.72700024
7.18284,13.449,0.5
7.66854,16.454,0.76100063
8.34198,16.117,0.43700027
7.372319999999999,15.287,0.9119997
8.306460000000001,16.24,0.6459999
8.62896,15.814,0.5830002
8.84604,15.775,1.0349998
8.77626,16.48,0.5699997
9.883560000000001,16.649,0.6669998
7.12446,15.27,0.5090008
6.1185,15.831,0.13700008
7.46208,16.178,0.3909998
7.68498,16.209,0.8199997
6.03606,16.349,0.9310007
6.99336,14.974,0.5120001
6.8790000000000004,16.423,0.29199982
7.77144,16.656,0.6189995
6.8618999999999994,8.388,0.90599966
6.8616600000000005,15.574,0.80300045
7.05582,15.313,0.85999966
7.772519999999999,16.569,0.76100063
5.906700000000001,16.407,0.92599964
6.69528,15.504,0.74300003
7.470420000000001,16.344,1.0089998
6.80976,14.651,0.592
6.230580000000001,15.477,0.68200016
7.0998,14.601,0.6399994
7.3857,14.556,0.3449993
5.90592,15.205,0.43400002
7.07274,16.009,0.6490011
6.66702,16.631,0.64000034
5.76492,15.924,0.6779995
7.30608,15.029,0.8880005
6.73638,16.394,1.3589993
6.82032,15.727,0.3260002
6.7338,16.574,1.572999
5.76186,15.755,0.71000004
5.55066,15.285,0.45499992
6.7638,16.681,0.5639992
6.7651200000000005,16.408,0.7800007
5.92338,15.757,0.50699997
5.97492,15.497,0.75199986
7.1055,15.935,1.3460007
7.24878,14.912,0.8409996
7.48596,12.295,1.0679998
7.33392,16.88,0.33799934
7.637160000000001,14.013,0.94599915
6.914160000000001,16.508,0.6869993
7.8718200000000005,16.101,0.7340002
8.04744,16.085,0.27799892
8.12508,16.21,0.4099989
7.141859999999999,16.777,1.0680008
8.11908,16.385,0.5980005
8.25492,16.36,0.5600004
8.32566,15.919,0.63899994
8.3589,15.695,0.47599983
3.8284200000000004,16.713,0.8679991
5.58366,16.242,0.14500046
6.03906,14.01,0.5710001
4.97322,16.114,0.42400074
5.62206,16.645,0.75300026
5.97636,16.297,0.6850004
4.87572,16.757,0.6870003
5.20026,16.405,0.45700073
5.49144,15.496,0.5340004
5.69466,15.496,0.041000366
5.9685,15.172,0.5120001
5.72862,15.485,0.50599957
6.528,16.384,0.4770012
5.58798,16.785,0.539999
5.1279,15.512,0.7410002
5.9766,16.299,0.89799976
5.17992,14.99,0.75
5.2504800000000005,16.279,1.1149998
5.388179999999999,16.63,0.45599937
4.81026,12.886,0.91499996
5.70252,14.705,0.43499947
4.7763599999999995,15.847,0.34700012
4.33518,13.721,0.3619995
4.03128,16.786,0.7419987
4.5789599999999995,14.976,0.658
4.09752,15.682,0.776
4.67412,12.788,0.9180002
4.041720000000001,16.674,0.9279995
4.4807999999999995,11.887,0.72700024
4.7421,15.014,0.49199963
4.6096200000000005,15.654,0.39000034
5.40018,17.268,1.4399996
4.3991999999999996,15.459,0.4119997
4.635420000000001,15.092,0.5959997
4.54848,13.381,0.9559994
6.5283,16.765,0.8319998
4.8999,15.82,0.7539997
5.07132,15.098,0.6339998
5.28276,12.101,0.47499943
5.6119200000000005,15.717,0.54100037
5.13576,17.095,1.0629997
6.5044200000000005,16.558,0.6920004
5.10618,14.85,0.62900066
6.6165,16.266,0.7390003
5.63484,15.448,0.9659996
6.3318,14.111,0.38300037
6.10716,15.574,0.53600025
4.78794,13.359,0.88199997
3.86292,12.096,0.2539997
3.80334,15.243,0.6870003
4.1001,15.685,0.62900066
2.8986,15.153,0.6949997
3.82056,16.491,0.9189997
2.80674,15.954,0.7310009
2.9663999999999997,16.15,0.33099937
3.14958,16.042,0.7649994
2.37576,15.51,0.67199993
3.2993400000000004,16.278,0.8959999
4.18278,15.074,0.5510006
2.47542,15.925,0.5810003
3.45402,15.294,0.8849993
2.39202,16.374,0.8170004
3.71022,15.989,0.4949999
2.24292,15.487,0.48900032
3.1923000000000004,16.674,0.66200066
3.6453599999999997,15.651,0.72000027
2.9761800000000003,11.936,0.48799992
4.44684,13.451,1.0679998
4.05168,12.191,0.2880001
3.62166,13.316,1.0159998
4.89642,14.075,0.38199997
3.6472800000000003,16.615,0.7399998
4.080959999999999,11.866,0.776
4.07664,15.863,0.69400024
3.22092,15.84,0.53100014
3.3831599999999997,16.426,0.5600004
3.44796,16.889,0.8619995
3.39378,14.79,0.53899956
4.05822,14.55,0.6409998
3.6145799999999997,15.802,0.6850004
4.59924,16.617,0.72800064
4.87644,14.318,0.63899994
4.13958,11.065,1.3249998
4.24116,16.156,1.04
4.4149199999999995,15.928,0.6640005
4.652100000000001,15.036,0.6550007
5.36166,15.013,0.48099995
5.66514,16.734,0.6879997
5.37582,14.836,0.5550003
5.45196,16.554,0.8510008
5.7783,16.302,0.36600018
5.5149,17.065,0.76200104
5.9649600000000005,16.678,0.65600014
5.68362,14.894,0.4449997
5.67354,16.628,0.052000046
5.87298,14.812,0.51100063
5.03802,16.515,1.0039997
4.92636,13.309,0.5649996
5.00052,14.682,-1.1479998
5.5143,15.693,0.39299965
5.32716,14.501,0.43300056
3.4425600000000003,16.09,0.6999998
4.11438,12.544,0.42599964
3.61944,16.33,0.7959995
2.03586,16.716,0.9549999
4.23894,16.362,0.6489992
2.2959,15.049,0.65999985
4.436400000000001,16.102,0.4649992
4.36056,14.82,0.55599976
2.66094,16.133,0.69099903
3.40074,16.581,0.730999
2.12814,15.348,0.6189995
1.731,13.544,0.6349993
1.92156,16.04,0.7410011
2.7972,16.53,0.8180008
2.9016,16.345,0.8109989
3.53892,16.109,0.49499893
2.7292199999999998,16.391,0.80900097
2.46132,16.352,0.63699913
3.13842,15.852,0.4289999
3.3480000000000003,15.876,0.89100075
4.1346,16.108,0.6169996
2.25984,16.273,0.4970007
1.5450599999999999,16.853,0.6270008
3.26946,16.056,0.6239996
1.5805200000000001,16.753,0.76399994
3.7537799999999995,16.376,1.0019999
5.128439999999999,15.864,0.8590002
4.50024,16.166,0.842
2.93406,15.173,0.7510004
1.92792,16.109,0.69199944
3.56628,16.293,0.9159994
4.02396,16.732,0.73200035
1.76928,15.502,0.8899994
2.5674,15.577,0.49399948
3.61152,16.749,1.0550003
3.696,16.229,0.56799984
3.8949,14.518,0.6539993
2.81406,14.967,0.73099995
4.38336,15.772,0.53700066
3.4975799999999997,15.076,0.5810003
4.6977,16.446,0.8309994
4.3261199999999995,12.767,1.033
2.07096,16.877,0.7840004
3.7287,16.761,0.9159994
4.46814,15.474,0.54100037
5.08374,15.676,0.46899986
4.7047799999999995,15.906,0.31599998
4.78644,16.473,0.82599926
5.155740000000001,15.048,0.40299988
5.269139999999999,16.29,0.8770008
4.84146,12.592,0.45800018
4.0188,16.087,0.5290003
4.64856,14.776,0.64900017
5.16606,15.085,0.96000004
2.83374,16.616,0.6779995
3.5636400000000004,13.822,0.9989996
4.69074,14.336,0.5800009
2.6261400000000004,17.276,1.5409994
2.67654,16.142,0.8660002
3.8611799999999996,16.753,0.77400017
3.79434,16.02,0.9790001
3.57654,16.673,0.16500092
3.6372,16.268,0.56699944
1.9857,16.71,1.0429993
3.25194,16.303,1.0689993
2.8385399999999996,14.718,0.6500006
4.84596,15.005,0.8369999
2.12574,17.045,1.1890001
4.5678,14.965,0.65600014
2.47452,12.849,0.38199997
4.4008199999999995,12.131,0.88199997
2.52018,15.74,0.658
2.78514,15.336,0.7770004
4.54188,15.268,0.47099972
4.8186599999999995,11.922,0.85700035
3.66966,16.846,1.0410004
2.88204,16.393,0.9559994
4.7265,15.319,0.36900043
2.32698,15.016,0.724
4.49184,16.79,0.9310007
4.57062,15.372,0.9619999
4.575480000000001,14.455,0.6239996
4.9642800000000005,16.202,0.48499966
4.9643999999999995,16.279,1.1079998
5.18382,15.15,0.6939993
4.811940000000001,14.191,0.72599983
5.13438,16.752,1.0340004
4.69242,17.077,1.25
2.95716,14.023,0.62699986
4.06248,14.689,0.7220001
2.0154,13.022,0.34700012
2.61978,14.982,0.6300001
4.86114,16.477,0.8329992
4.18938,15.387,0.74400043
4.998,15.329,0.76500034
2.54982,15.451,0.60300064
4.04454,16.176,0.5880003
3.7218,15.869,0.5840006
3.31956,16.309,1.1750002
3.41178,14.84,0.7300005
4.27002,16.61,0.5869999
4.87902,14.975,0.5130005
4.46466,16.116,0.5579996
4.1625000000000005,9.707,0.27400017
3.39948,16.649,1.0840006
3.46368,14.888,1.6459999
3.70944,16.691,0.77999973
3.9128999999999996,15.661,0.55800056
3.24834,13.71,0.59000015
4.31262,14.505,0.9879999
4.78404,14.815,0.5089998
3.72084,13.812,1.0690002
4.34304,14.573,0.65600014
5.63934,16.522,1.1479998
3.73404,15.004,0.6709995
3.8759400000000004,15.142,0.53600025
4.63098,16.143,0.99699974
5.21622,15.677,0.7229996
4.12218,13.704,0.9580002
5.19402,16.59,0.26799965
4.90428,12.637,0.4239998
5.67474,12.809,0.47599983
4.693560000000001,15.799,0.75199986
4.370699999999999,16.405,0.31200027
3.11118,16.785,1.0339994
5.26968,13.48,0.6349993
5.49642,14.99,0.62099934
4.12992,16.204,1.1360006
5.18748,12.28,0.6090002
2.94618,15.759,0.9169998
5.26188,16.129,0.7599993
4.2179400000000005,16.083,0.9379997
6.147,14.113,0.81900024
5.12766,16.089,0.48300076
4.0539,16.777,0.8590002
2.88834,13.53,0.6729994
5.3063400000000005,16.493,0.6750002
4.85496,15.929,0.8289995
5.31036,16.441,0.8800001
4.7991,16.774,0.33300018
4.27392,16.717,2.0649986
4.63986,16.446,1.2889996
4.31988,15.606,0.7250004
4.16298,15.654,0.75300026
4.421340000000001,16.386,0.8699999
3.85338,16.874,0.53300095
5.22054,15.577,0.6069994
5.928240000000001,14.358,0.62300014
6.12672,13.312,0.50199986
5.0107800000000005,14.288,0.5629997
5.07186,7.899,0.48000002
5.46594,15.248,0.7670002
5.66064,15.141,0.8629999
5.7042600000000006,11.099,0.33199978
4.75668,12.852,0.6260004
5.7854399999999995,16.075,0.8290005
5.25978,16.031,0.98600006
5.49222,14.893,0.69699955
5.9488199999999996,14.332,0.717
5.8245,15.335,0.9630003
4.969200000000001,15.13,0.7589998
5.208,16.228,0.5830002
6.0813,13.417,0.7119999
6.15864,14.627,0.8199997
7.34106,15.855,0.6529999
6.070919999999999,15.926,0.6659994
5.472239999999999,16.291,0.9200001
7.23198,16.778,1.0089998
6.8016000000000005,15.98,0.6829996
6.33666,15.749,0.69299984
7.0785,16.372,1.0979996
6.43536,15.816,0.76399994
6.24438,15.933,0.48899937
6.72312,15.743,0.77400017
5.26212,13.537,0.52199936
5.79828,15.419,0.65499973
5.74236,15.075,0.5109997
6.92424,15.507,0.44400024
6.36504,16.505,0.9599991
6.40572,15.931,0.80200005
6.63558,15.743,0.75300026
7.695,14.994,1.0470009
7.3522799999999995,12.03,0.44299984
7.3641,12.86,1.224
6.4272599999999995,15.331,0.6600008
7.85778,16.51,0.7750006
7.9615800000000005,11.815,0.2319994
7.57866,15.964,0.6960001
7.08264,11.769,0.51900005
7.540979999999999,14.641,0.74699974
7.433879999999999,15.697,0.40100002
7.813740000000001,16.016,0.68300056
7.869960000000001,16.805,1.2080002
7.3479,16.207,0.78700066
7.03284,13.03,0.9169998
7.0281,15.859,0.7770004
7.2345,13.757,0.5450001
6.184139999999999,16.029,0.85999966
7.675859999999999,17.05,1.0979996
8.048699999999998,14.504,0.52999973
8.15976,14.608,0.8330002
8.61768,15.409,0.37400055
8.39466,16.778,0.71699905
8.18016,14.873,0.67800045
7.03872,12.163,0.5290003
6.23088,15.953,0.8470001
5.92266,16.571,1.098999
6.83586,15.792,0.842
9.11562,16.65,0.64699936
9.44034,12.919,0.8739996
8.538359999999999,16.339,0.71700096
8.6055,16.38,0.34199905
9.705480000000001,14.803,0.6140003
8.54094,16.646,0.9180002
9.163499999999999,16.376,0.605999
8.293859999999999,16.247,0.7269993
9.62094,15.941,0.56799984
9.04062,16.478,0.4619999
9.10644,16.451,0.69900036
9.25836,11.335,1.1569996
9.13494,14.753,0.56500053
9.156419999999999,13.567,0.9690008
9.59742,15.983,0.45300007
9.350340000000001,16.054,3.6610012
8.0979,16.683,0.7410002
9.839459999999999,15.881,0.6619997
9.119819999999999,15.231,0.60200024
9.90132,16.116,0.66199875
8.6649,13.929,0.6619997
8.02464,15.618,0.6630001
9.19464,16.57,0.8779993
9.31332,16.51,0.72000027
9.79482,13.65,0.42999935
9.30984,16.595,0.5419998
8.531220000000001,16.189,0.51799965
9.94602,16.637,0.31099892
8.54634,15.153,0.39999962
8.65014,16.259,0.5770006
7.76946,15.641,0.7220001
8.57418,16.328,1.1149988
8.21958,16.07,0.77999973
8.15658,15.759,0.8359995
8.48544,16.649,0.5109997
7.80258,15.257,0.8109999
8.156939999999999,15.227,0.7919998
9.9642,16.659,0.29100037
9.7548,16.263,1.0650005
9.77472,13.885,0.21700001
9.27174,16.231,0.69100094
9.90006,14.388,0.5459995
9.682200000000002,13.24,0.38099957
9.986999999999998,15.24,0.70899963
9.9951,16.42,0.7659998
9.64356,14.945,1.0869999
9.82872,15.569,0.64900017
9.718440000000001,16.387,1.4589987
9.66864,16.014,0.45399952
9.72768,14.889,0.40400028
9.84036,13.959,0.8459997
9.47826,14.973,0.56799984
9.75966,13.889,0.5830002
9.623999999999999,15.069,0.57800007
9.71664,16.419,0.61300087
9.42774,16.317,0.4439993
9.66132,16.638,0.934
9.56442,16.006,0.9920006
9.5214,15.741,0.6079998
9.5625,16.841,1.1549997
9.160680000000001,16.314,0.94099903
9.45786,16.273,0.51700115
9.33174,13.563,0.75099945
9.02976,16.181,0.5199995
9.26154,12.049,0.8839998
9.28986,16.118,0.658
9.12528,16.188,0.7880001
9.09114,15.211,0.6860008
9.02376,15.042,0.49399948
8.94912,16.559,0.6569996
9.14958,16.51,0.8330002
9.84954,15.529,0.6540003
8.917860000000001,16.847,0.9020004
8.93334,15.181,0.9910002
9.313740000000001,16.54,0.82000065
9.83634,15.805,0.684
9.91302,16.169,0.6260004
9.31254,15.907,0.5249996
9.855839999999999,15.891,0.65899944
9.4068,16.177,0.5830002
9.21804,16.132,0.8760004
8.90952,13.536,0.3959999
9.00954,14.585,0.6370001
8.89542,15.464,0.4949999
9.91014,16.13,0.5739994
8.744340000000001,12.022,0.47000027
9.49776,16.599,0.31200027
8.554680000000001,14.855,0.98899937
7.1271,16.408,0.58200073
6.99444,16.71,1.4089994
7.0873800000000005,16.076,0.5450001
7.26384,15.85,0.533
8.63994,16.611,0.8579998
7.2050399999999994,16.615,0.81900024
7.3395,12.679,0.40499973
7.04034,16.474,0.9370012
7.22616,16.605,0.7419996
7.58298,14.482,0.5180006
8.40816,15.149,0.49400043
8.86722,15.001,0.24800014
8.49078,16.925,0.789999
8.4579,15.68,0.9130001
7.61028,15.991,0.44500065
8.21298,14.399,0.6380005
7.8670800000000005,16.049,0.7329998
7.39602,15.721,0.8619995
7.08948,15.263,0.7069998
7.56792,16.597,1.3459997
7.6921800000000005,14.818,0.5609999
8.26428,14.584,0.6229992
8.304960000000001,16.727,0.5869999
8.52876,16.902,0.87800026
8.49012,16.634,0.7750006
8.19582,16.602,0.65899944
8.65116,15.557,0.48700047
8.56716,16.544,0.6210003
8.1696,16.63,0.7079992
8.44734,16.263,0.3180008
7.68144,10.97,1.0230007
7.6770000000000005,15.297,1.0539999
7.66602,16.563,0.7649994
7.854419999999999,14.463,1.0600004
7.55724,12.716,0.8399992
8.03772,16.508,0.5749998
7.670699999999999,15.012,0.8100004
5.53122,16.657,1.3799992
5.62836,16.568,0.78200054
5.42724,12.786,0.8540001
6.39048,16.702,0.71299934
5.450699999999999,15.744,0.28200054
5.5095600000000005,14.487,0.5730009
5.59566,15.686,0.66499996
5.40858,16.688,0.8119993
5.26038,16.788,0.35000038
5.47626,13.656,0.50699997
5.63034,16.216,0.8909998
6.8738399999999995,16.038,0.375
5.40876,16.678,0.5129986
5.74116,16.598,-0.4510002
5.50896,14.872,0.69299984
5.4018,15.988,1.1680002
5.545380000000001,15.09,0.7329998
6.83418,16.574,0.67499924
5.6619600000000005,14.217,0.60999966
5.7348,16.968,0.92700005
6.72672,16.346,0.79500103
6.750299999999999,16.801,0.9370003
6.74142,15.861,0.5539999
6.73896,15.474,0.96399975
6.61224,15.594,0.8079996
6.66774,16.277,0.61200047
6.9054,16.004,0.8239994
6.7520999999999995,16.792,0.7689991
6.54978,15.742,0.45799923
6.53256,12.469,0.5459995
6.524520000000001,16.4,0.6069994
5.935020000000001,12.991,0.47099972
6.82728,15.204,0.52000046
5.88132,12.206,0.34800053
6.060899999999999,12.505,0.6999998
5.91144,16.018,0.6879997
5.91978,14.972,0.49699974
6.06546,16.663,1.2620001
6.06282,14.978,0.9359999
6.11184,16.6,0.8670006
6.1236,14.753,1.224
6.44178,16.224,0.7050009
6.305400000000001,11.428,1.0700006
6.252479999999999,14.092,0.42000008
6.32418,13.706,0.76500034
3.5868,14.96,0.6999998
3.70572,15.879,0.5479994
3.78168,15.569,0.5100002
3.747,16.4,1.3149996
3.75804,16.62,1.2560005
3.53334,15.865,0.6739998
4.12482,16.23,0.68099976
3.42324,17.004,1.2019997
3.6698999999999997,16.939,1.0339994
3.44934,13.182,0.941
4.69416,15.35,0.4790001
5.18562,13.785,0.63799953
3.9452999999999996,13.681,0.38399982
3.7565999999999997,17.105,1.0450001
4.3892999999999995,15.805,0.88899994
3.94218,14.458,0.66499996
4.57368,15.908,0.55099964
4.69794,16.059,0.77299976
4.98156,16.39,0.29999924
5.00448,14.969,0.67700005
4.57608,12.587,0.4829998
4.582800000000001,16.067,0.70499897
3.9708,16.094,0.50699997
4.99482,15.153,0.8369999
4.73316,15.436,0.49300003
5.20638,16.666,0.8660002
5.017440000000001,15.792,0.6300001
5.0964,14.687,1.125
4.9479,15.837,0.691
4.98354,14.6,0.44400024
5.0300400000000005,16.8,0.69999886
4.40538,13.633,0.9420004
4.299239999999999,14.737,0.59100056
4.09056,16.162,0.94500065
4.86288,16.587,0.8959999
4.2747,16.418,0.87199974
4.227,14.607,0.6800003
4.40736,16.605,0.77299976
4.76826,16.772,0.7369995
4.31328,14.71,0.6999998
4.47306,15.67,0.55200005
4.54566,16.588,0.6699991
1.8127199999999999,15.61,0.7109995
1.90086,15.451,0.8170004
1.72098,16.269,0.33099937
2.0471399999999997,10.937,1.2730007
1.77282,12.694,0.8649998
1.7453400000000001,16.472,0.99400043
3.2863800000000003,16.604,0.559
3.69798,15.059,0.7819996
3.2223599999999997,15.638,0.70099926
3.7302,17.034,1.0300007
2.7491399999999997,13.421,0.9169998
1.8981000000000001,15.832,0.92999935
2.82576,16.672,1.0170012
2.83476,16.263,0.47500038
2.82624,12.582,0.31699944
3.60114,15.581,0.658
3.3393599999999997,16.695,1.1329994
3.46728,16.287,0.3920002
2.0434799999999997,16.801,1.0580006
1.8687,15.202,0.32999992
1.9965,16.111,0.51399994
2.04264,16.535,0.7489996
3.11778,16.468,0.717
3.04668,16.144,0.71299934
3.10134,16.846,0.7350006
3.0034199999999998,17.057,1.2359991
3.1071,16.055,0.87800026
2.82732,16.758,0.68299866
3.13146,16.022,0.6669998
3.1485,15.166,0.7410002
3.40458,16.188,0.7290001
2.9169,15.793,0.4680004
3.63726,16.772,0.9779997
3.36234,16.784,0.8120003
3.25332,15.306,0.40299988
3.3046800000000003,15.098,0.7059994
3.34248,16.396,0.75099945
3.2305800000000002,14.983,0.47499943
2.9010599999999998,16.127,1.0640011
2.91,16.629,0.7439995
2.8346400000000003,14.68,0.60599995
2.4310199999999997,16.774,0.66799927
2.2335000000000003,15.319,0.48900032
2.71212,16.005,0.572999
2.41296,8.587,0.83899975
2.24052,16.297,0.80500126
2.73168,16.792,1.0789995
2.4762,15.918,0.19900036
2.20926,15.337,0.6079998
2.1507,15.181,0.6040001
2.71488,16.485,0.77100086
2.4744,14.131,0.5979996
2.68206,14.197,0.58799934
2.1379799999999998,15.604,0.46000004
2.16474,16.29,0.37900066
2.64642,14.412,0.6960001
2.25948,13.339,1.0079994
2.16066,14.187,1.0250006
2.01342,12.007,0.2840004
1.76694,14.607,0.8000002
1.88082,16.109,0.8659992
0.38904,15.05,0.40700054
2.25162,15.396,0.29100037
2.73942,15.603,0.67199993
2.616,16.812,1.1789999
2.02014,16.63,0.71199894
2.47698,16.577,0.49699974
2.13342,15.151,0.8140001
1.9085999999999999,15.474,0.66499996
2.10168,15.931,0.69199944
2.3163,15.248,0.95300007
0.42558,16.862,1.1269999
1.2091800000000001,14.712,0.53399944
0.97512,16.464,0.743001
1.01658,15.003,0.41900063
1.28994,13.958,1.0580006
1.26732,15.986,0.375
1.25424,14.923,0.5960007
1.41864,16.79,0.65400124
1.2858,14.149,0.63199997
1.56876,16.502,0.77000046
0.9186000000000001,8.977,0.11499977
1.0564799999999999,16.313,0.5739994
0.43596,14.947,0.99699974
1.25952,16.776,1.2229986
0.44634,16.943,0.84200096
1.2533400000000001,14.67,0.5760002
1.17564,13.365,0.50099945
0.70194,11.679,0.24100018
0.90174,15.203,0.3529997
1.0635000000000001,14.444,0.56900024
0.6253200000000001,16.626,0.40299988
1.18326,14.625,0.58600044
1.63872,16.578,0.7699995
1.49076,15.451,0.3920002
1.66398,14.02,0.31000042
2.00268,15.835,0.5390005
1.2849,16.789,0.31200027
1.42668,14.792,0.691
1.61598,15.858,0.2659998
1.43436,16.661,0.6939993
1.03146,15.194,0.3540001
1.55034,16.322,0.61800003
1.0626,14.916,0.6270008
1.5602399999999998,16.572,0.8220005
0.24756000000000003,16.612,0.8309994
0.7820400000000001,15.864,0.2550001
0.6513,16.185,0.70199966
0.1062,16.222,1.0699997
0.49854000000000004,16.498,0.70899963
1.1805,15.363,0.46799946
1.3671600000000002,16.594,1.0120001
1.4677799999999999,16.239,0.9850006
1.33962,15.94,1.0139999
1.28772,15.707,0.6709995
1.3335000000000001,13.644,0.5500002
1.27344,14.945,0.90600014
1.46904,15.933,0.60999966
0.6675,15.736,0.467
1.4949,13.041,1.019
1.0173,14.839,0.5789995
1.3116599999999998,15.414,0.60899925
1.00644,16.643,0.8479996
0.41178000000000003,16.026,0.973999
1.00374,15.133,0.5640001
1.2063000000000001,16.482,0.68300056
1.00992,6.576,0.72800016
1.26714,16.706,0.85999966
0.82596,16.541,2.1620007
0.89664,14.706,0.9200001
1.63848,16.65,0.86800003
1.3818599999999999,16.817,0.91399956
1.45272,16.717,0.49199867
1.46412,16.968,0.7040005
1.85964,16.725,0.9420004
1.57704,15.931,1.7679996
2.0146200000000003,14.883,0.80700016
1.6022399999999999,15.699,0.9720001
2.03436,16.524,1.1940002
2.02584,14.977,0.9300003
1.69188,14.478,0.18799973
1.75848,15.082,3.467
2.06082,16.109,0.9749994
1.7714400000000001,16.5,0.4319992
1.66458,9.012,0.15100002
1.8895199999999999,16.079,0.6100006
1.9380000000000002,16.47,0.8899994
2.25054,14.626,1.1480007
2.46582,10.325,0.083999634
1.6732799999999999,15.679,0.49199963
1.7646,15.121,1.0360003
2.2158599999999997,12.297,0.5640001
2.91798,16.807,1.2509995
1.7895,10.991,1.3579998
4.26354,16.703,0.9429989
2.72346,11.066,0.20800018
3.07998,16.311,1.026001
3.18252,14.023,0.4819994
3.5557800000000004,13.852,0.62300014
3.65898,16.507,0.9569998
4.00542,11.39,1.4840002
2.8794,16.396,0.74300003
2.69898,16.367,1.0280008
3.24042,16.497,0.99300003
3.13326,16.081,0.7489996
3.69828,16.313,0.67599964
3.0827400000000003,14.047,0.6569996
3.2164200000000003,16.712,1.059
2.22318,16.973,0.75699997
3.15624,12.84,0.94400024
3.78342,15.217,0.9399996
3.4917,15.409,0.59000015
2.69928,16.221,0.46100044
2.6812199999999997,15.338,0.651
3.70968,15.716,0.7409992
3.7878600000000002,16.629,1.1160002
3.9399,16.768,0.62400055
3.4365,16.197,0.5960007
3.49212,9.327,0.39299965
3.34116,16.618,0.56900024
3.6269400000000003,15.648,0.85599995
2.8467000000000002,15.215,0.7940006
2.66838,16.563,0.7049999
3.03312,14.221,0.64799976
3.01944,15.944,1.1940002
3.29382,17.084,1.053999
3.06774,15.788,0.8100004
2.6654999999999998,15.237,0.9910002
2.6205,16.813,1.2269993
2.9110199999999997,16.919,1.0570002
2.62224,16.072,0.95700073
2.66886,16.102,0.5479994
2.4763200000000003,16.766,0.7890005
2.77164,15.685,0.65700054
2.89842,16.709,0.8699999
3.0895200000000003,16.985,1.3320007
3.19932,16.334,0.92199993
2.85474,16.111,1.1560001
5.72004,15.124,1.6149998
3.9003599999999996,16.378,0.9590006
4.67868,16.066,1.0950003
4.653720000000001,14.015,0.6640005
5.08884,14.375,0.56900024
4.88658,15.996,0.901
5.68314,16.544,1.1450005
5.3778,15.149,0.95300007
4.39206,16.726,0.80200005
3.82746,9.865,0.8149996
4.01892,16.802,1.1540003
5.10816,14.842,1.316
4.9683600000000006,16.921,0.89299965
4.99536,14.479,0.76799965
5.09958,14.694,0.71600056
5.15538,14.69,0.69299984
5.24352,17.015,1.1219997
5.19786,15.121,1.2410002
5.30382,16.601,0.9989996
4.74318,16.965,1.3100004
5.26866,13.705,0.3540001
5.291460000000001,16.036,0.97899914
5.28402,17.218,1.3710003
5.4448799999999995,16.367,1.0210009
5.5174199999999995,14.81,1.2530003
3.92502,13.068,0.22499943
4.7235000000000005,15.775,0.72999954
4.70646,15.88,0.56900024
5.31414,15.069,0.99800014
3.9991800000000004,15.666,0.82500076
4.0893,15.6,0.7010002
3.9189599999999998,16.543,0.2349987
4.14774,15.523,0.64400005
4.32114,16.881,1.3430004
3.8653799999999996,16.064,1.0279989
4.17618,16.429,1.1020012
4.3395,13.189,0.85700035
4.7631,13.735,0.59399986
4.41774,16.864,0.93300056
3.8169000000000004,15.446,0.6529999
4.58244,16.137,1.0909996
4.59324,10.288,0.07499981
4.5057,16.848,0.99300003
4.7118,11.046,0.40099907
6.99048,15.61,0.7979994
6.87666,15.291,0.6600008
6.8215200000000005,16.224,1.4050007
6.21468,16.658,1.1520014
6.73818,16.184,1.1409998
6.65406,15.638,0.9289999
6.44622,16.263,1.2590008
6.1812000000000005,16.334,1.5419998
6.008579999999999,16.718,1.5960007
7.23354,16.049,1.0439997
7.323060000000001,16.742,0.8920002
7.13394,15.083,1.3920002
7.3902600000000005,16.663,0.78499985
6.8334600000000005,15.287,0.79299927
6.73476,15.307,0.7279997
6.7426200000000005,15.239,0.75400066
7.0085999999999995,16.671,1.1759996
6.9927,15.45,0.87699986
6.68604,16.911,1.0609989
6.95958,11.402,0.37000084
6.954359999999999,17.006,1.2610006
6.689220000000001,13.528,0.8629999
6.736800000000001,15.988,1.0889997
5.904,15.628,0.96000004
6.39606,15.305,1.4949999
6.34854,13.864,0.54100037
6.1875599999999995,17.965,1.8369999
6.63474,13.818,1.243
6.52218,15.049,1.2369995
5.90208,16.228,0.3710003
6.73626,14.176,1.1099997
6.6867600000000005,13.73,0.57599926
6.98334,16.148,0.78800106
7.1496,14.937,0.4499998
6.44652,15.4,0.8069992
5.7643200000000006,16.09,0.908
5.60946,16.502,0.95100117
7.14624,17.147,1.5629997
5.74404,14.472,0.73600006
5.7995399999999995,17.0,0.77000046
7.18626,13.653,1.3800001
7.26192,15.979,0.7069998
7.3030800000000005,16.461,0.7900009
8.29002,16.545,0.58399963
7.81632,16.065,0.67400074
8.036340000000001,15.874,0.69199944
8.27184,15.588,0.7020006
9.1368,16.487,0.21699905
8.4027,16.442,0.8069992
8.39784,16.07,0.78100014
9.10356,16.452,0.8470001
8.45586,15.959,0.5799999
8.682960000000001,15.334,1.066
8.83302,16.25,0.8129997
7.692659999999999,14.445,0.7199993
7.728960000000001,16.432,0.6769991
9.16494,15.943,0.86399937
7.9512,16.284,0.8760004
7.9866,16.407,0.73499966
7.9593,15.309,0.58600044
8.0055,15.927,0.79100037
7.647060000000001,16.389,0.6779995
8.07444,15.042,0.7819996
8.1132,15.24,0.6739998
7.80636,15.576,0.651
7.569299999999999,15.644,0.82400036
7.729439999999999,16.31,1.0859995
8.135639999999999,14.745,0.5409994
7.50444,16.7,0.5300007
7.35894,16.709,0.5970001
7.38534,15.031,1.3870001
7.4862,15.638,0.5209999
7.54932,15.932,1.0299997
7.51608,14.117,0.4949999
7.60962,15.299,0.6659994
8.2095,13.442,0.5100002
8.305439999999999,15.989,0.6370001
8.31648,15.298,0.48099995
9.07662,15.49,0.5
8.83092,16.744,1.0379992
8.7039,15.649,0.9829998
8.7636,15.79,1.2440004
8.926319999999999,16.45,1.0360012
8.63568,14.864,0.12699986
8.93262,13.25,0.75300026
8.999939999999999,14.229,0.6499996
8.66454,14.933,0.013999939
8.54094,15.493,0.46899986
8.5491,15.487,0.7230005
8.301120000000001,15.254,0.76900005
8.509920000000001,15.617,0.42299938
8.3142,16.194,0.5120001
8.4072,13.943,0.6160002
8.511719999999999,17.093,1.3780003
8.53386,15.779,0.8850002
8.506739999999999,15.858,0.4790001
8.49966,12.481,0.2840004
9.23526,16.5,0.6160002
9.0357,14.795,0.6520004
9.9993,15.189,0.34599972
9.73548,16.068,0.677001
9.13602,16.127,0.5020008
9.16812,9.184,-0.0050001144
9.26328,16.47,1.5219994
9.30546,16.133,0.6519995
9.61098,13.659,0.9560003
9.47118,13.189,0.32800007
9.55296,16.526,1.2119989
9.55278,15.689,0.6090002
9.09864,15.893,0.6779995
9.63366,14.442,0.9630003
9.605400000000001,15.696,0.52400017
9.961860000000001,16.996,1.2730007
9.81954,14.389,0.26299953
9.94242,16.728,0.5680008
9.84714,15.676,1.2339993
9.75996,15.979,0.4829998
9.87042,14.388,0.69599915
9.89094,12.787,0.8459997
9.622499999999999,15.815,0.6619997
9.66276,16.263,0.809
9.8181,15.156,0.5089998
9.64968,15.579,0.7090006
9.13776,14.155,1.019
9.98598,16.605,0.816
9.7776,16.087,0.83399963
9.19632,15.967,0.51799965
9.65916,16.118,0.7180004
9.73908,14.447,0.69199944
9.88038,16.347,0.8470001
9.9972,13.886,0.85899925
9.835619999999999,14.471,0.63799953
8.518379999999999,16.295,0.71000004
9.4596,13.421,1.4979992
8.5251,15.389,0.6199999
8.3157,15.061,0.54699993
8.90982,14.493,0.65499973
8.526,14.128,0.6430006
8.2422,13.273,0.3239994
8.10264,15.254,0.74800014
9.00888,15.827,0.33299923
8.42052,16.485,1.3810005
8.60676,15.88,0.3039999
8.55858,14.678,0.73600006
8.0445,14.025,0.5209999
8.92488,15.627,0.77400017
9.6768,16.033,0.618001
9.39162,15.898,0.38399982
8.7417,16.129,0.6869993
8.93208,14.78,0.75699997
9.318,16.374,0.8140001
9.34038,16.023,0.8130007
9.31968,15.661,0.34899998
8.70696,13.351,0.7979994
9.753839999999999,14.725,0.60800076
9.22716,16.365,0.8839998
9.31752,14.651,0.5369997
9.66984,16.276,0.14899826
8.12784,13.131,1.2079992
8.500499999999999,13.823,0.48600006
7.8853800000000005,15.413,0.8590002
8.401200000000001,16.204,0.9520006
9.103019999999999,11.01,0.72700024
7.425420000000001,16.241,0.8189993
8.09838,16.53,0.26399994
7.622280000000001,15.863,0.58399963
8.561879999999999,16.059,0.64299965
8.87442,15.578,0.42300034
7.9764,14.038,1.0769997
8.77068,11.986,0.34599972
9.43512,16.58,1.0199995
7.26594,15.302,0.6160002
8.23662,16.173,0.8930006
6.66732,15.821,0.7060003
6.32004,15.284,0.8760004
8.05278,15.489,0.5050001
7.29744,15.402,0.58600044
8.09892,16.391,0.7740011
6.58872,16.647,1.171999
6.99084,15.952,0.67499924
6.82296,16.475,0.9750004
6.20508,16.576,0.9390001
7.560899999999999,16.109,0.9639988
7.4869200000000005,16.211,0.67900085
7.206300000000001,14.992,0.62999916
7.592220000000001,15.301,0.79299927
6.34338,17.042,1.2600002
8.38518,16.414,0.59699917
6.83364,16.502,0.677001
7.0983,15.973,1.0529995
6.83988,14.713,0.70300007
7.711139999999999,14.952,0.6569996
8.33412,15.644,1.0620003
7.076639999999999,16.588,0.8859997
7.537320000000001,15.427,0.4829998
8.663219999999999,16.587,0.7130003
8.64348,15.871,0.72700024
6.52638,15.497,0.6199999
8.370000000000001,13.172,0.49699974
9.02064,15.565,0.6229992
8.4954,14.054,0.3540001
8.44716,14.567,0.7520008
7.58784,15.082,0.52199936
7.38324,16.672,1.0370007
8.06478,14.493,0.41899967
7.24914,15.369,0.63600063
6.60384,15.083,0.6710005
7.70574,16.272,0.5029993
7.48398,16.425,0.5739994
7.26612,16.257,0.86900043
7.795260000000001,16.43,0.80700016
6.957599999999999,16.253,0.6640005
6.62268,14.649,0.5930004
8.551020000000001,11.506,0.85499954
7.780200000000001,16.046,1.0009995
5.99616,15.645,0.9000006
5.9031,16.859,0.7080002
5.58798,15.738,0.533
6.15618,15.503,0.8590002
5.56524,14.262,0.6960001
7.11168,15.999,0.7709999
6.24282,15.943,0.92599964
6.6945,16.151,0.96799946
7.23084,15.068,0.7769995
6.38616,12.21,0.21000004
5.8349400000000005,16.707,0.8380003
6.49302,13.767,0.6210003
7.3156799999999995,13.078,0.43200016
6.06342,16.618,0.6789999
4.68846,16.686,0.7210007
4.62414,13.458,0.9029999
4.44516,16.075,0.5900011
5.48508,16.278,0.76500034
5.23362,16.131,0.84100056
4.49118,16.161,0.7529993
6.427020000000001,16.634,0.5400009
4.81092,13.06,1.1470003
6.23346,17.074,1.5859995
4.84206,15.163,0.45499992
5.7417,16.619,0.6529999
4.2817799999999995,15.247,0.7220001
6.19986,15.866,0.6470003
4.58868,16.733,0.92999935
4.86156,16.277,0.7590008
4.37118,15.271,0.41699982
5.79456,13.697,0.9329996
5.66394,16.564,0.7519989
5.13654,16.806,0.96399975
5.67522,15.995,0.6420002
5.3481000000000005,16.512,0.89599895
5.28444,16.74,0.74599934
6.162240000000001,15.771,0.80999947
7.054259999999999,16.429,0.5610008
5.358960000000001,13.911,0.5830002
5.927759999999999,15.927,1.4969997
7.072380000000001,14.91,0.57299995
5.95572,14.78,0.8369999
6.93762,16.521,0.875
5.7518400000000005,16.036,0.9439993
6.2661,16.921,0.92599964
7.0839,14.773,0.6529999
5.0055,12.03,0.8189993
6.98964,15.76,0.41600037
3.6291599999999997,16.659,0.9460001
4.9920599999999995,16.216,0.5749998
3.879,16.184,0.6350002
6.4408199999999995,16.6,0.7040005
6.1905600000000005,16.369,0.9859991
5.9379,14.719,0.97999954
3.53472,15.663,0.6260004
3.6555,17.018,0.8649998
5.03754,16.016,0.47300053
3.7795799999999997,13.417,1.2200003
6.3098399999999994,16.126,0.49299908
3.88998,16.376,0.6539993
5.94822,16.471,0.61200047
5.35974,16.518,1.0349998
4.99284,16.262,0.89999866
5.22882,15.623,0.26099968
6.41148,13.736,1.0380001
6.4713,16.668,0.7529993
6.68112,15.673,0.8640003
4.2234,15.895,0.74800014
5.45784,11.073,0.1949997
6.3807,16.568,0.4770012
4.80894,16.928,0.7989998
5.7813,16.792,0.36899948
5.52138,13.14,0.7770004
6.34884,16.413,0.9680004
5.48022,15.059,0.67800045
3.94548,16.365,0.49599934
5.9421,14.543,0.5960007
6.029100000000001,16.476,0.94699955
5.5602,16.83,1.1149998
4.12944,15.11,0.8409996
6.09756,15.485,0.57599926
6.1698,12.16,0.2819996
6.78144,16.52,0.8100004
4.69344,15.455,0.58500004
4.12662,15.564,0.47300053
5.02158,16.031,0.36499977
4.4793,14.216,0.36299992
4.30518,16.405,0.8990011
3.2002800000000002,14.459,0.37999916
4.97358,16.848,1.1829996
5.49348,16.724,1.1990013
3.15186,15.951,0.80599976
4.355580000000001,16.628,0.63600063
4.91454,13.316,1.0349998
5.017440000000001,16.314,0.44499874
4.811999999999999,15.647,0.7260008
3.9193200000000004,13.499,0.99300003
5.80206,14.112,0.59900093
3.774,16.981,0.87600136
6.30264,14.333,0.6680002
4.18968,15.229,0.49300003
4.5957,14.884,0.58899975
4.65588,15.309,-0.36299992
4.8604199999999995,16.748,0.97899914
3.67092,16.365,0.651
5.02728,16.734,0.87499905
5.04642,16.552,0.5799999
5.55492,13.94,0.45499992
5.60364,14.256,0.44699955
5.32296,16.016,0.93400097
5.5542,16.321,0.7789993
5.66514,15.86,0.64699936
5.07768,15.836,0.6260004
2.6270399999999996,16.665,0.8400011
3.9209400000000003,16.405,0.5790005
4.222499999999999,13.088,0.98700047
4.80936,16.89,0.9979992
2.56566,15.609,0.55599976
4.80522,15.36,0.64299965
5.2695,16.209,0.5279999
4.86006,15.764,0.7989998
4.95492,16.059,0.5830002
4.682939999999999,16.429,0.49100113
3.7894200000000002,16.438,1.1609993
5.76498,14.218,0.59000015
5.567880000000001,16.543,0.9689989
5.46822,16.271,1.04
5.98554,16.928,0.9259987
4.51008,16.519,0.79899883
3.31788,16.84,1.1890001
4.40088,16.389,0.89299965
3.8680199999999996,15.507,0.6540003
3.18798,14.878,0.43800068
5.83506,13.938,1.0439997
4.965120000000001,15.995,0.8409996
3.45552,15.444,0.6100006
3.25332,12.891,0.5859995
5.184,16.339,0.8500004
4.11102,15.363,0.7049999
2.94096,14.207,0.73499966
4.890000000000001,16.809,0.8310003
3.56814,16.543,0.60799885
3.6237,16.726,1.007
2.66628,14.019,0.52000046
3.29688,16.033,0.8820009
4.015199999999999,15.508,0.65700054
4.1022,15.683,0.58899975
5.626200000000001,16.422,0.5570011
5.881139999999999,14.116,0.39000034
3.92844,14.67,0.60099983
3.5736,16.74,0.80999947
4.42272,15.846,0.8739996
3.05946,16.748,0.72799873
4.493040000000001,14.536,0.3540001
4.56828,14.097,0.4460001
5.96082,15.286,0.816
3.40422,15.575,0.56699944
5.78208,15.992,0.62599945
2.75796,16.863,-0.34399986
4.40556,16.119,0.6349993
6.0307200000000005,16.735,0.8180008
4.972440000000001,16.731,0.9170008
5.90802,15.909,0.7400007
2.75934,16.684,0.7209997
3.64614,13.576,1.9790001
5.3466,16.224,0.81600094
5.94768,16.105,0.5689993
4.72884,16.68,0.5270004
2.9604,17.184,1.533
3.71424,15.36,0.8800001
2.7192,16.216,0.9869995
2.83176,10.478,0.18200016
4.5793800000000005,16.707,1.0090008
3.4017600000000003,14.227,1.0480003
5.689559999999999,14.914,0.875
3.1978199999999997,17.287,1.4440002
4.5444,16.869,0.65999985
3.84822,16.917,1.3389997
3.0723000000000003,11.256,1.2129993
4.89084,15.341,0.70099926
4.02918,16.957,0.8120003
3.63444,16.779,0.6569996
4.8829199999999995,16.284,0.40700054
3.81264,17.157,1.1799994
5.46138,15.6,0.2520008
4.25838,15.835,0.62300014
5.86302,15.056,0.875
2.7465,16.398,0.5620003
3.8358600000000003,13.854,0.6890001
5.27688,16.837,1.0480003
5.03208,16.494,0.6989994
4.5120000000000005,16.129,0.658
2.7453,15.025,0.83799934
3.6156,15.699,0.90700054
3.47196,16.029,0.6769991
5.15442,16.999,0.82299995
4.3311,16.385,0.36600113
2.99106,15.944,1.2189999
3.43944,16.586,0.7600002
4.950419999999999,15.118,0.8640003
5.96802,16.626,1.3209991
5.88804,15.662,0.85499954
3.00516,16.793,1.105999
4.75068,16.273,0.71100044
5.40618,16.437,1.0010004
2.5583400000000003,15.846,0.75199986
6.4182,15.934,0.6960001
5.20998,16.796,0.8029995
4.7115599999999995,16.029,1.0749989
6.55926,16.737,0.7659998
5.5215,16.087,0.70199966
5.9138399999999995,14.541,0.658
4.662,13.944,0.43400002
5.63994,17.162,1.0240002
5.42976,15.336,1.144
4.30386,16.468,0.6300001
5.4456,15.761,0.934
5.54532,16.212,0.7699995
4.58754,15.715,0.6700001
4.51914,16.656,0.6550007
4.87896,13.738,0.9659996
3.58974,16.719,0.8590002
5.80104,16.379,0.87599945
4.00722,14.956,0.47399998
6.3149999999999995,16.149,0.9020004
6.3486,13.995,0.5629997
4.7538,16.37,0.81600094
4.123200000000001,11.587,0.408
6.81774,16.519,0.49099922
6.83622,16.458,0.9200001
4.60452,11.42,0.9560003
4.425,14.949,0.9250002
6.5256,13.758,0.39100075
5.18322,16.42,0.8970003
6.84906,16.467,1.1959991
6.57006,14.74,0.9919996
6.32094,16.363,0.81700134
6.709440000000001,14.923,0.8959999
3.97896,16.121,0.82299995
6.09276,16.373,0.5689993
5.14116,16.266,0.6650009
4.524,15.514,0.93200016
4.30038,15.584,0.7119999
5.84748,14.639,1.0389996
6.454739999999999,15.221,0.7539997
5.47512,14.893,0.47499943
6.1989,15.902,0.5050001
4.156079999999999,14.545,1.1850004
6.384720000000001,16.625,0.6210003
7.393859999999999,14.392,0.9390001
5.2656600000000005,16.398,0.40000057
7.22382,14.242,0.5209999
7.08828,14.796,1.4709997
6.138240000000001,15.496,0.7840004
7.783860000000001,16.55,0.7519989
6.51792,14.141,0.85599995
5.98056,16.049,0.8669996
6.2796,16.249,0.8140001
6.185759999999999,17.002,1.3460007
6.73872,14.25,0.83500004
5.80422,10.052,0.020999908
5.681279999999999,12.013,0.5579996
6.29916,15.564,0.7840004
5.736000000000001,16.667,0.8789997
4.715459999999999,14.904,1.1630001
7.10154,15.313,0.6630001
6.183,15.869,0.8710003
6.08898,16.672,0.5970001
5.64624,15.953,0.9449997
5.4844800000000005,13.141,0.48899937
5.07102,13.889,0.71000004
7.9326,14.996,0.6000004
6.91866,14.764,0.6700001
8.392199999999999,16.964,1.111001
7.36434,16.46,0.49599934
7.966620000000001,14.704,0.71200085
7.89966,11.331,0.85800076
6.78408,15.617,0.3199997
6.92712,16.622,0.39299965
6.87132,15.257,1.0950003
6.85248,14.844,0.684
6.6633000000000004,16.141,1.0010004
7.20756,16.072,0.9210005
8.03952,15.105,0.7749996
7.850759999999999,14.32,1.2339993
6.65232,16.716,0.7010002
6.53868,14.863,0.77299976
7.55148,14.871,0.8299999
8.13234,14.02,1.1690006
8.4411,15.903,0.658
7.20894,15.193,0.69699955
6.5685,10.139,0.07999992
7.736820000000001,15.865,0.52400017
8.117519999999999,15.69,0.84299946
8.83194,15.985,0.2489996
7.60776,15.779,0.7470007
7.775580000000001,12.015,0.43700027
8.53908,14.938,0.62699986
8.40714,10.806,0.024999619
7.82574,15.875,0.61800003
8.6265,15.149,0.6760006
8.30328,12.581,0.8390007
9.40092,12.705,0.63899994
8.18682,16.717,0.82599926
6.6100200000000005,15.88,0.7340002
7.7034,14.159,0.8980007
8.280479999999999,15.09,0.67300034
8.03256,14.437,0.36900043
7.14948,14.464,0.5479994
7.839359999999999,15.798,0.9359999
7.5279,15.268,0.566
8.84718,16.691,0.7419996
7.47756,15.9,0.58899975
8.10462,16.195,3.066
8.3466,15.423,0.5050001
8.15814,12.26,1.1599998
9.07152,16.144,0.49999905
8.397780000000001,16.735,0.6700001
6.91578,15.727,0.65700054
9.33888,13.397,0.3510008
9.57324,13.849,0.30700016
9.18204,14.487,0.77400017
9.80172,14.873,0.78999996
9.95988,16.239,0.6859999
9.08004,14.032,1.1929998
9.99276,15.698,0.81900024
9.597000000000001,15.701,0.7589998
9.332460000000001,15.152,0.85700035
8.89884,15.12,1.1230001
9.102540000000001,16.482,0.5630007
9.199499999999999,15.901,0.8850002
9.01896,15.52,0.98300076
9.56844,16.888,1.0740004
9.54642,12.98,0.50699997
9.5532,16.077,0.6040001
9.580620000000001,14.472,0.64500046
9.75864,15.661,0.5180006
9.55326,15.496,0.99400043
9.36768,16.878,0.9900007
9.36912,15.954,0.7140007
7.8212399999999995,15.725,0.53700066
8.40954,15.937,0.4949999
9.32442,13.276,0.4989996
9.69528,15.757,0.7279997
8.60712,15.821,0.90999985
8.62608,11.444,0.13199997
9.21054,16.442,0.43799973
8.9415,16.428,0.8189993
9.18234,16.607,0.9040003
8.088659999999999,16.298,0.6760006
8.33754,15.852,0.81799984
9.725819999999999,15.82,0.684
8.449019999999999,14.71,0.5909996
9.87282,16.092,0.7269993
8.50944,14.326,0.6850004
9.11556,16.536,0.7209997
8.66184,14.168,0.67199993
9.50286,16.699,0.8609991
9.69846,15.262,0.6000004
8.9469,16.247,0.1609993
8.64084,11.634,0.3029995
8.5245,14.488,0.6669998
9.06072,15.364,0.6529999
9.7074,14.429,0.625
9.62154,16.083,0.6350002
9.45978,14.548,0.25600052
9.798,16.282,0.8119993
9.63324,17.024,1.302
9.92814,16.067,0.9389992
9.951600000000001,13.533,0.40600014
9.44094,15.305,0.5390005
9.7779,14.971,0.7039995
9.8355,16.024,0.9169998
9.934800000000001,15.34,0.7670002
9.97764,14.996,0.8930006
9.16092,13.857,0.33300018
8.459340000000001,16.439,0.87899876
8.3115,12.774,0.5550003
8.38908,16.436,0.7740011
8.73564,16.699,0.4449997
8.76768,15.373,0.14799976
8.48286,16.662,0.7130003
9.77298,14.224,0.69900036
9.148019999999999,16.243,0.64400005
8.473260000000002,16.309,0.6859999
9.77064,15.472,0.8010006
9.24576,16.655,0.5100002
9.33612,15.521,0.8839998
9.77304,11.21,0.42599964
9.668880000000001,16.619,0.59599876
9.11532,13.516,0.4659996
8.77776,13.61,0.36899948
8.84136,13.133,1.0790005
9.87318,13.424,0.9069996
9.9645,14.5,0.45899963
9.21288,15.01,0.7840004
8.95014,16.404,0.18999863
9.496319999999999,16.594,0.8479996
9.5571,14.849,0.6149998
9.656039999999999,16.697,0.6800003
9.82962,14.949,0.46000004
9.39384,14.36,0.8289995
9.43746,16.34,1.0240002
8.546999999999999,14.247,0.5489998
8.97126,15.578,0.7790003
8.448120000000001,16.758,-0.24200058
8.196660000000001,14.356,0.44799995
7.607639999999999,14.276,0.41899967
8.2002,13.689,0.48600006
9.2355,13.909,0.59500027
8.49246,16.055,0.6330004
7.8764400000000006,13.432,0.79699993
7.738440000000001,16.518,-0.39299965
8.014199999999999,14.653,0.62699986
7.682939999999999,16.565,0.6920004
7.93182,12.544,0.48600006
9.10932,14.239,0.65600014
9.36,16.839,0.8480005
9.51984,8.116,1.2250004
9.06486,16.582,0.69500065
8.85084,13.747,0.16399956
9.49908,13.552,0.5249996
9.46386,11.493,0.31000042
7.773,16.741,0.25299835
8.64624,16.506,0.78700066
9.016319999999999,16.914,1.2199993
9.8973,15.09,0.71899986
9.2346,15.065,0.6869993
8.9352,16.413,0.62699986
8.88672,15.275,0.7699995
7.80036,16.676,2.1870003
9.44268,9.059,0.43700027
7.909199999999999,16.162,0.5460005
8.06802,16.982,1.0139999
9.502559999999999,14.127,-0.7880001
7.955400000000001,16.913,0.8129997
7.74588,12.294,0.29799938
7.08336,11.234,1.0650005
9.47454,14.245,0.5629997
9.31458,16.317,0.70899963
8.722800000000001,14.482,0.58200073
8.45712,14.96,0.7550001
7.917000000000001,13.083,0.8839998
9.4704,16.608,1.0900002
9.97842,13.385,0.74800014
8.61762,16.283,0.52800083
8.92392,13.51,0.5710001
8.40372,13.504,0.47499943
8.190539999999999,16.334,1.25
8.24958,16.047,0.7960005
8.4426,16.721,0.3410015
8.42532,15.301,0.5380001
8.975940000000001,14.636,0.49199963
8.90706,16.437,0.9370003
8.3607,16.014,0.38599968
9.05142,16.379,0.8369999
9.20034,14.024,0.7020006
8.54748,15.062,0.2670002
9.397020000000001,9.44,1.1099997
8.23404,16.879,0.99699974
8.04558,16.73,0.7369995
6.65454,15.262,0.9119997
8.74596,13.858,0.19999981
7.53864,14.316,0.9040003
6.7668,16.538,2.1240005
7.14606,16.556,0.5380001
6.93366,14.864,0.4420004
6.85956,15.331,0.6199999
7.263,16.565,0.64500046
7.22328,15.538,0.53499985
6.9306600000000005,12.486,0.86100006
7.959,15.863,0.599
8.090399999999999,16.123,0.5849991
8.14476,15.237,0.6960001
6.7275,14.816,0.7550001
6.7488,15.694,1.8200006
7.24884,15.597,0.62699986
8.456100000000001,16.527,0.5270004
7.27176,16.262,0.43899918
7.84644,15.723,0.80099964
6.86334,15.49,0.5949993
6.77034,16.178,0.76199913
7.539060000000001,13.258,0.44099998
6.60618,12.877,0.76299953
7.6167,16.397,0.47899914
7.113,16.31,0.8689995
6.65712,16.509,0.644001
7.17192,15.883,0.6640005
6.790080000000001,14.057,0.5819998
9.14946,14.588,0.6890001
8.63574,15.721,0.4819994
7.928520000000001,15.853,0.5319996
9.87846,16.391,0.85700035
7.3464599999999995,11.977,0.2680006
7.022460000000001,14.179,0.8619995
9.354659999999999,15.902,0.68200016
8.82114,16.488,1.0530005
9.7923,16.155,0.9630003
7.4547,15.806,0.55499935
8.42256,14.359,0.54800034
8.10216,16.486,0.5130005
7.7203800000000005,15.067,0.6340008
8.89572,15.991,0.60700035
6.9198,9.289,0.52199936
8.24604,16.334,0.54699993
8.97834,12.539,0.4649992
7.4827200000000005,15.958,0.625
8.621400000000001,16.163,0.72700024
6.36336,15.766,0.66100025
6.8790000000000004,16.978,0.81900024
6.942,15.488,0.6160002
8.685179999999999,15.454,0.5620003
6.22278,15.748,0.5710001
6.40518,15.984,0.4949999
8.0565,16.119,0.46399975
8.4972,12.079,0.9460001
8.68734,15.42,0.60700035
8.72148,16.521,0.8529997
7.7418000000000005,11.788,0.9289999
6.40452,16.427,0.783
9.18468,16.56,0.36100006
6.85518,15.829,1.5150003
7.543800000000001,16.063,0.783
9.32772,16.422,0.6230011
9.10464,16.886,1.1469994
8.813279999999999,14.861,0.9029999
7.97322,10.438,0.7410002
7.760819999999999,16.749,0.85200024
9.32484,16.408,0.60900116
7.8885000000000005,14.439,0.48600006
7.75272,15.928,0.6980009
9.08208,14.501,0.658
8.68728,16.228,0.4250002
9.0942,16.093,0.73700047
8.2569,16.295,0.6850004
8.495940000000001,13.922,1.0199995
9.572220000000002,14.41,0.6800003
9.17568,14.927,0.60599995
8.68614,16.676,0.78600025
8.252279999999999,8.137,1.2200003
8.97312,13.296,1.1609993
7.15764,12.674,1.2270002
9.539159999999999,15.699,0.50300026
9.014280000000001,16.02,0.658
9.31512,15.358,0.5789995
7.040039999999999,16.183,0.80900097
9.7557,16.053,0.8989992
7.59672,14.945,1.026
7.29024,15.482,0.6850004
7.17408,16.821,1.0499992
6.27912,15.338,0.73300076
8.37138,16.447,1.2550001
7.47642,15.546,0.6729994
6.82566,16.772,1.1819992
6.99552,15.775,1.0769997
7.506419999999999,16.736,0.7510004
7.52286,16.906,0.78100014
6.37122,16.55,0.7939997
7.41282,16.445,0.87099934
6.6357,16.896,0.8290005
7.35474,17.054,1.1730013
6.96006,13.197,1.3499994
6.3513,16.653,1.0859995
6.0736799999999995,16.385,0.87300014
6.56736,13.844,1.158
6.473820000000001,15.332,0.533
6.18462,15.572,1.1009998
6.27048,12.696,0.55300045
9.88134,15.305,0.4800005
8.42202,14.674,0.68099976
8.31678,15.845,0.91100025
9.71406,16.415,0.59100056
8.6562,16.893,0.6970005
9.05556,14.675,0.67300034
8.45988,10.973,1.0359993
9.39654,14.735,0.5099993
9.16056,16.623,0.5439987
9.26682,12.778,0.95300007
8.1228,15.071,0.59100056
9.37422,15.446,0.7989998
9.4881,16.885,0.6820011
8.5044,15.893,0.94799995
7.64196,10.266,0.89699936
8.678519999999999,16.786,1.2449989
7.913879999999999,16.706,0.6609993
8.02938,16.425,0.7959995
8.310239999999999,14.238,0.90899944
9.13656,13.728,0.9489994
9.55218,16.957,0.94200134
8.00808,14.846,0.559
9.4341,16.693,0.76600075
9.32772,14.601,0.5760002
7.900619999999999,15.678,1.059
9.70056,16.293,0.86999893
8.0946,16.55,0.5899992
7.94784,12.471,1.132
8.836559999999999,16.842,0.4089985
8.78562,16.613,2.1050005
8.46042,16.45,1.5410004
7.75458,11.196,0.11400032
8.26902,16.885,0.94400024
7.99764,15.466,0.86100006
8.334,9.842,0.21800041
7.593660000000001,12.031,0.96500015
9.19962,16.441,0.842
9.06456,15.21,0.47200012
8.55054,15.033,0.66100025
8.89626,14.291,0.6350002
6.88068,14.777,0.6960001
8.31972,14.178,0.5810003
7.82496,16.387,0.5739994
9.51282,16.647,0.9609995
9.9849,16.224,0.037000656
8.78772,15.91,0.875
9.249120000000001,16.594,-0.934
9.45816,11.658,0.7869997
8.73366,15.182,0.625
8.364600000000001,14.776,0.599
9.812100000000001,15.699,0.8330002
9.88512,16.526,0.5389986
9.477599999999999,15.861,0.6129999
8.98938,14.753,0.66100025
9.29718,13.346,1.0949993
8.60412,11.391,0.38700008
9.05232,16.326,2.0159998
7.19718,14.021,1.0450001
9.43296,15.911,0.8920002
9.15048,16.463,1.0509996
9.04218,14.2,0.5539999
8.728259999999999,16.249,0.97800064
9.54024,15.384,0.6779995
8.258519999999999,16.11,0.8430004
9.98232,15.512,0.7410002
9.95346,16.635,0.4699993
9.2334,16.51,0.72000027
8.85774,13.03,0.44799995
7.970280000000001,16.639,0.6680002
9.61134,15.678,0.8650007
8.31132,15.584,0.9460001
8.432039999999999,16.633,0.75499916
7.950539999999999,14.068,0.62599945
8.689440000000001,16.518,0.94299984
7.572360000000001,14.879,0.8689995
9.615779999999999,16.195,0.68499947
7.724279999999999,16.092,0.8849993
8.158380000000001,16.36,0.78700066
9.29772,16.191,1.0950003
8.28054,15.873,0.8220005
8.10444,15.859,0.9000006
9.98652,14.53,0.63099957
7.97508,15.418,0.72800064
7.687260000000001,12.788,0.32699966
9.65418,16.2,0.38700104
9.88776,14.979,0.8109999
9.337380000000001,15.976,0.47999954
9.094140000000001,14.289,0.92499924
9.42288,13.622,1.2019997
9.76674,16.609,0.8439989
9.36192,15.044,0.7119999
9.3786,16.659,1.1890001
9.64638,12.917,0.90499973
9.28872,15.474,0.41699982
9.40902,15.486,0.6459999
9.049320000000002,15.77,0.69500065
8.7822,14.579,1.4030008
8.93088,16.428,1.0519991
9.11652,17.034,1.1230001
9.86436,16.82,1.2150002
9.67278,14.61,0.71299934
8.732700000000001,16.752,1.0380011
9.279,15.514,0.6169996
9.98208,16.284,0.9250002
9.97596,11.826,0.4630003
9.90126,16.375,0.62699986
9.93816,16.51,0.48600006
9.8352,15.051,0.82299995
